Metropolitan Statistical Area,Murder,Rape,Robbery,Assault,Burglary,Larceny,Car Theft
"Abilene, TX M.S.A.",3.1,48.9,72.7,298.3,1009.0,2459.8,148.5
"Akron, OH M.S.A.",3.7,40.9,105.1,155.0,947.7,2074.5,163.3
"Albany, GA M.S.A.",8.7,24.9,150.4,382.1,1417.8,2803.4,291.4
"Albany-Schenectady-Troy, NY M.S.A.",1.5,21.0,98.5,189.4,512.1,2076.2,105.4
"Albuquerque, NM M.S.A.",5.8,44.8,124.3,495.6,920.6,2586.2,389.4
"Alexandria, LA M.S.A.",5.8,23.1,132.3,476.7,1203.3,3176.3,213.3
"Allentown-Bethlehem-Easton, PA-NJ M.S.A.",3.5,20.3,93.6,110.9,432.2,1758.1,107.7
"Altoona, PA M.S.A.",0.8,38.0,49.8,155.0,425.4,1318.2,68.0
"Amarillo, TX M.S.A.",5.7,40.8,98.9,367.8,1137.2,3390.5,285.0
"Ames, IA M.S.A.",1.1,41.7,12.4,244.4,478.6,1966.1,83.3
"Anchorage, AK M.S.A.",4.2,85.9,148.5,574.4,416.1,2813.4,276.8
"Anderson, IN M.S.A.",2.3,33.4,70.6,99.5,848.1,2294.6,211.1
"Anderson, SC M.S.A.",5.3,36.4,75.9,468.4,1297.6,3041.7,368.4
"Ann Arbor, MI M.S.A.",1.4,43.2,69.8,224.0,659.7,1879.5,174.4
"Appleton, WI M.S.A.",0.0,21.4,13.8,120.5,378.5,1708.2,50.0
"Asheville, NC M.S.A.",1.9,21.8,59.9,146.1,749.6,1534.9,170.3
"Athens-Clarke County, GA M.S.A.",4.2,19.6,70.5,280.5,1018.0,2588.1,237.5
"Atlanta-Sandy Springs-Marietta, GA M.S.A.",6.1,20.9,149.7,237.1,957.0,2135.7,370.0
"Atlantic City-Hammonton, NJ M.S.A.",8.0,18.9,245.5,257.5,741.5,2685.7,123.1
"Augusta-Richmond County, GA-SC M.S.A.",10.2,37.4,156.6,208.7,1355.1,3037.7,422.5
"Austin-Round Rock-San Marcos, TX M.S.A.",3.4,24.7,84.0,215.8,754.3,2866.9,170.8
"Bakersfield-Delano, CA M.S.A.",9.0,19.9,148.4,415.7,1148.0,1931.6,633.6
"Baltimore-Towson, MD M.S.A.",10.3,23.6,214.4,437.0,649.5,2135.5,305.7
"Bangor, ME M.S.A.",2.0,12.6,27.2,26.6,573.3,2429.3,95.7
"Barnstable Town, MA M.S.A.",0.5,36.1,57.6,340.3,1116.6,1764.7,91.5
"Battle Creek, MI M.S.A.",4.5,75.3,109.6,508.3,1145.6,2411.1,146.8
"Bay City, MI M.S.A.",0.9,78.1,50.8,205.2,610.1,1776.6,85.7
"Beaumont-Port Arthur, TX M.S.A.",5.6,37.7,157.9,297.0,1156.9,2488.4,220.1
"Bellingham, WA M.S.A.",2.5,44.7,50.6,169.1,694.2,2372.7,130.8
"Bend, OR M.S.A.2",4.3,29.0,30.9,240.7,497.5,2360.2,116.0
"Billings, MT M.S.A.",1.9,19.7,28.6,167.9,652.7,2873.3,276.7
"Binghamton, NY M.S.A.",2.5,20.3,51.0,147.6,453.5,2012.6,40.6
"Bismarck, ND M.S.A.",1.8,33.2,17.0,176.5,219.5,1453.2,102.1
"Blacksburg-Christiansburg-Radford, VA M.S.A.",3.1,28.6,25.5,115.5,499.3,1952.6,83.2
"Bloomington, IN M.S.A.",2.1,29.4,48.6,175.1,742.2,2127.2,135.1
"Bloomington-Normal, IL M.S.A.2",0.6,45.3,74.5,250.4,592.1,1751.3,69.8
"Boise City-Nampa, ID M.S.A.",1.6,33.7,18.2,162.8,400.4,1587.3,79.2
"Boston-Cambridge-Quincy, MA-NH M.S.A.",3.5,22.6,102.5,277.5,458.5,1568.3,162.7
"Boston-Quincy, MA M.D.",5.8,26.9,163.0,369.5,496.0,1717.4,195.1
"Cambridge-Newton-Framingham, MA M.D.",1.3,17.1,61.6,216.1,413.9,1428.1,115.1
"Peabody, MA M.D.",2.9,21.3,71.8,269.4,518.0,1451.1,229.5
"Rockingham County-Strafford County, NH M.D.",1.4,24.7,26.6,92.0,342.0,1595.2,67.7
"Boulder, CO M.S.A.",2.3,18.9,23.5,153.1,387.6,1801.8,93.6
"Bowling Green, KY M.S.A.",0.0,39.3,49.1,64.6,649.5,2021.4,135.0
"Bremerton-Silverdale, WA M.S.A.",0.4,68.5,48.1,305.8,708.4,1880.7,157.3
"Bridgeport-Stamford-Norwalk, CT M.S.A.",3.8,16.0,110.6,152.1,370.9,1226.2,185.5
"Brownsville-Harlingen, TX M.S.A.",2.7,25.1,78.7,228.1,889.4,3548.9,162.6
"Brunswick, GA M.S.A.",5.9,25.6,149.7,387.1,1529.5,3596.8,176.3
"Buffalo-Niagara Falls, NY M.S.A.",6.1,25.9,174.3,277.5,743.3,2168.4,187.8
"Burlington, NC M.S.A.",5.9,15.1,63.0,322.7,1042.8,2632.6,154.8
"Canton-Massillon, OH M.S.A.",2.5,30.7,107.8,105.9,758.0,1675.0,121.3
"Cape Coral-Fort Myers, FL M.S.A.",4.5,22.6,100.2,258.7,820.6,1715.8,151.1
"Cape Girardeau-Jackson, MO-IL M.S.A.2",1.1,31.0,71.7,437.8,759.0,2839.0,121.0
"Carson City, NV M.S.A.",0.0,1.8,36.3,255.8,509.8,1393.3,152.4
"Casper, WY M.S.A.",3.9,12.9,31.1,139.8,662.8,2849.1,174.8
"Cedar Rapids, IA M.S.A.",0.8,22.2,49.9,120.0,573.8,1835.2,130.4
"Charleston-North Charleston-Summerville, SC M.S.A.",6.0,25.9,122.9,359.0,752.7,2550.3,275.9
"Charlottesville, VA M.S.A.",3.0,31.0,40.0,129.6,333.2,1833.1,109.1
"Chattanooga, TN-GA M.S.A.",4.6,26.2,119.6,372.3,938.7,2580.2,272.6
"Cheyenne, WY M.S.A.",0.0,44.6,25.0,129.5,366.9,2539.8,129.5
"Chico, CA M.S.A.",3.2,41.4,70.7,227.8,832.4,1582.4,259.3
"Cincinnati-Middletown, OH-KY-IN M.S.A.",4.2,32.4,158.0,119.6,811.7,2372.4,156.6
"Clarksville, TN-KY M.S.A.",5.9,37.9,68.4,295.3,847.9,1703.6,136.1
"Cleveland, TN M.S.A.",0.0,21.9,35.1,496.3,693.6,1948.4,145.6
"Cleveland-Elyria-Mentor, OH M.S.A.",4.9,32.1,205.4,173.3,896.0,1693.4,246.2
"Coeur d'Alene, ID M.S.A.",2.8,33.0,17.6,233.5,554.8,1834.6,92.1
"College Station-Bryan, TX M.S.A.",3.7,43.4,65.7,244.7,804.1,2715.9,130.1
"Colorado Springs, CO M.S.A.",3.7,64.8,91.0,302.9,688.9,2289.9,256.3
"Columbia, MO M.S.A.",2.4,28.1,82.5,295.3,454.9,2422.9,108.2
"Columbia, SC M.S.A.",5.3,36.3,121.5,553.9,966.7,2609.8,336.9
"Columbus, GA-AL M.S.A.",7.0,21.6,195.8,253.4,1533.2,3857.9,433.5
"Columbus, IN M.S.A.",0.0,35.2,28.7,78.1,550.9,2840.4,248.7
"Columbus, OH M.S.A.2",5.8,43.2,213.6,106.3,1167.8,2817.5,274.4
"Corpus Christi, TX M.S.A.",5.0,53.4,109.8,437.6,908.0,3604.5,140.6
"Corvallis, OR M.S.A.2",0.0,20.7,19.5,76.6,379.3,1742.1,71.7
"Crestview-Fort Walton Beach-Destin, FL M.S.A.",1.7,29.6,63.7,275.3,652.2,2139.7,136.2
"Cumberland, MD-WV M.S.A.",5.0,32.9,54.8,299.8,770.9,2236.9,63.7
"Dallas-Fort Worth-Arlington, TX M.S.A.",4.7,28.2,131.0,208.6,926.5,2368.9,311.9
"Dallas-Plano-Irving, TX M.D.",4.7,26.3,141.9,184.1,907.2,2212.4,342.2
"Fort Worth-Arlington, TX M.D.",4.8,32.0,108.8,258.8,965.9,2689.1,249.9
"Dalton, GA M.S.A.",3.8,24.4,32.7,189.6,740.3,2120.3,191.9
"Danville, IL M.S.A.2",1.3,79.9,125.5,399.4,1430.3,2390.1,110.3
"Danville, VA M.S.A.",11.3,25.5,64.3,105.9,756.2,1916.9,129.5
"Davenport-Moline-Rock Island, IA-IL M.S.A.2",1.8,45.4,82.4,331.6,667.9,2133.8,123.8
"Dayton, OH M.S.A.",4.9,31.7,142.9,134.9,937.2,2242.5,180.8
"Decatur, AL M.S.A.",2.6,17.6,56.1,114.2,682.9,1817.3,130.5
"Decatur, IL M.S.A.2",3.8,28.2,128.7,355.0,1583.6,1717.0,131.5
"Deltona-Daytona Beach-Ormond Beach, FL M.S.A.",3.4,29.0,98.2,413.1,961.0,2448.8,262.4
"Denver-Aurora-Broomfield, CO M.S.A.2",2.5,48.9,79.9,205.8,528.6,1951.5,291.4
"Des Moines-West Des Moines, IA M.S.A.",1.6,34.1,47.1,206.1,618.0,2048.4,182.2
"Detroit-Warren-Livonia, MI M.S.A.",9.1,34.8,180.7,410.9,806.0,1668.6,475.6
"Detroit-Livonia-Dearborn, MI M.D.",18.2,41.9,348.1,703.1,1267.1,2015.6,869.7
"Warren-Troy-Farmington Hills, MI M.D.",2.0,29.3,51.9,186.0,451.2,1401.5,172.3
"Dothan, AL M.S.A.",3.4,42.7,96.4,301.6,1004.7,2229.1,130.8
"Dover, DE M.S.A.",3.7,43.9,113.3,397.4,697.0,2539.7,173.3
"Dubuque, IA M.S.A.",0.0,24.4,38.2,360.3,588.2,1480.5,76.3
"Durham-Chapel Hill, NC M.S.A.",7.1,23.7,152.2,244.0,1232.8,2355.9,202.8
"Eau Claire, WI M.S.A.",4.3,27.3,17.4,102.9,457.6,1514.8,69.4
"El Centro, CA M.S.A.",1.8,15.3,62.0,285.7,1113.9,1841.1,452.2
"Elizabethtown, KY M.S.A.",0.0,21.1,33.4,144.8,345.8,1252.6,63.2
"Elkhart-Goshen, IN M.S.A.",1.0,27.1,77.3,9.9,740.8,1679.7,139.9
"Elmira, NY M.S.A.",4.6,12.6,44.8,171.1,458.2,1643.4,54.0
"El Paso, TX M.S.A.",0.9,29.4,70.1,351.7,357.1,2152.2,238.1
"Erie, PA M.S.A.",4.6,47.2,77.4,141.3,638.4,1766.5,80.2
"Evansville, IN-KY M.S.A.4",2.3,26.3,48.6,,520.8,2115.9,108.2
"Fairbanks, AK M.S.A.2",0.0,193.2,88.8,501.2,441.2,3331.0,281.9
"Fargo, ND-MN M.S.A.3",1.0,,22.1,147.3,358.0,1751.5,115.6
"Farmington, NM M.S.A.",3.2,74.8,27.6,540.3,505.7,1553.3,133.9
"Fayetteville, NC M.S.A.",6.3,21.2,168.8,282.5,1749.5,3182.8,289.1
"Fayetteville-Springdale-Rogers, AR-MO M.S.A.5",0.8,58.1,17.3,247.9,,1616.4,101.2
"Flagstaff, AZ M.S.A.",4.8,48.5,46.9,302.8,413.2,3015.0,82.6
"Flint, MI M.S.A.",13.8,53.7,221.5,537.9,1510.2,1884.5,292.1
"Florence, SC M.S.A.",10.4,30.3,151.8,497.0,1265.4,3296.7,261.4
"Fond du Lac, WI M.S.A.",1.0,30.9,12.9,129.5,365.6,1318.9,58.8
"Fort Collins-Loveland, CO M.S.A.",0.0,37.8,27.8,173.0,380.1,2085.8,113.4
"Fort Smith, AR-OK M.S.A.",4.7,41.5,51.0,321.8,783.4,2095.2,134.4
"Fort Wayne, IN M.S.A.2",6.0,28.7,81.3,95.2,627.9,1966.2,95.2
"Fresno, CA M.S.A.",6.8,19.5,147.6,363.0,980.0,2513.8,757.5
"Gadsden, AL M.S.A.",6.7,42.1,110.9,300.2,892.0,2823.1,192.2
"Gainesville, FL M.S.A.",4.9,50.1,114.7,453.7,903.6,2477.3,194.0
"Gainesville, GA M.S.A.",2.1,19.3,46.6,106.5,589.1,1664.6,162.1
"Glens Falls, NY M.S.A.",0.0,26.6,11.0,108.8,324.0,1188.8,35.2
"Goldsboro, NC M.S.A.",7.0,6.1,134.3,373.0,1675.6,2609.5,226.5
"Grand Forks, ND-MN M.S.A.3",1.0,,9.0,119.3,419.2,1669.7,107.3
"Grand Junction, CO M.S.A.",2.0,49.6,30.6,183.5,451.3,1999.0,128.5
"Grand Rapids-Wyoming, MI M.S.A.",2.2,46.7,91.7,249.2,754.9,1629.1,128.8
"Great Falls, MT M.S.A.",4.8,7.2,27.7,155.6,410.1,3026.1,174.9
"Greeley, CO M.S.A.",1.2,27.4,30.1,206.2,438.6,1630.9,132.6
"Green Bay, WI M.S.A.2",1.0,30.6,24.4,101.2,373.1,1400.6,62.8
"Greensboro-High Point, NC M.S.A.",4.3,16.7,137.3,225.4,1200.7,2605.2,208.0
"Greenville-Mauldin-Easley, SC M.S.A.",4.6,32.8,91.4,389.7,847.0,2352.1,238.2
"Gulfport-Biloxi, MS M.S.A.",5.0,35.2,91.0,90.6,1205.4,2878.0,226.9
"Hagerstown-Martinsburg, MD-WV M.S.A.",0.7,17.5,59.1,168.3,473.8,1451.0,132.1
"Hanford-Corcoran, CA M.S.A.",2.0,19.2,56.4,276.1,524.9,1148.7,288.0
"Harrisburg-Carlisle, PA M.S.A.",3.5,34.3,119.5,146.7,399.3,1640.9,81.5
"Harrisonburg, VA M.S.A.",0.8,23.0,12.3,80.3,248.4,1106.7,55.7
"Hartford-West Hartford-East Hartford, CT M.S.A.",4.5,17.7,106.8,168.4,462.0,1864.0,206.7
"Hattiesburg, MS M.S.A.",4.1,26.2,51.6,58.5,682.9,1779.4,94.3
"Hickory-Lenoir-Morganton, NC M.S.A.",3.5,17.4,51.9,141.9,998.6,2027.3,153.8
"Hinesville-Fort Stewart, GA M.S.A.",9.7,22.1,99.6,247.7,1047.4,2255.2,181.2
"Holland-Grand Haven, MI M.S.A.",0.0,58.0,11.1,110.7,376.4,1359.4,34.0
"Honolulu, HI M.S.A.",2.0,22.9,93.8,149.4,606.1,2315.9,410.5
"Hot Springs, AR M.S.A.",9.0,53.2,92.4,407.6,1962.6,3246.6,329.3
"Houma-Bayou Cane-Thibodaux, LA M.S.A.",5.9,22.5,80.1,276.1,681.2,2601.5,178.8
"Houston-Sugar Land-Baytown, TX M.S.A.",7.3,25.8,237.1,350.5,974.8,2599.3,369.8
"Huntsville, AL M.S.A.",5.3,27.8,135.5,229.3,970.6,2282.8,278.3
"Idaho Falls, ID M.S.A.",2.3,28.1,11.7,183.1,453.6,1459.7,84.9
"Iowa City, IA M.S.A.",1.3,39.8,26.3,164.8,325.8,1302.5,78.2
"Ithaca, NY M.S.A.",2.0,15.8,26.7,73.2,307.4,1993.9,42.5
"Jackson, MI M.S.A.",6.9,53.6,49.2,274.4,503.4,1610.0,87.7
"Jackson, MS M.S.A.",10.4,32.0,218.5,152.5,1232.1,2162.5,375.8
"Jackson, TN M.S.A.",4.4,37.7,137.7,475.5,1317.0,3049.8,313.2
"Jacksonville, FL M.S.A.",7.2,30.9,148.0,370.9,919.2,2668.3,184.8
"Janesville, WI M.S.A.",2.5,32.9,67.7,144.1,606.8,2246.4,92.5
"Jefferson City, MO M.S.A.",2.7,16.3,40.8,233.1,526.6,1869.3,104.6
"Johnson City, TN M.S.A.",2.5,22.7,41.3,281.6,765.1,2107.5,109.3
"Johnstown, PA M.S.A.",2.8,16.7,44.5,145.2,412.8,1389.8,61.1
"Jonesboro, AR M.S.A.",4.1,42.0,50.2,297.1,1379.2,2022.7,83.1
"Joplin, MO M.S.A.",1.7,44.0,48.0,282.5,689.1,2754.1,267.6
"Kalamazoo-Portage, MI M.S.A.",4.3,64.0,81.0,266.9,763.1,2173.9,137.0
"Kansas City, MO-KS M.S.A.2",8.2,31.9,119.7,301.4,780.1,2352.5,343.5
"Kennewick-Pasco-Richland, WA M.S.A.",2.0,30.3,37.8,166.0,463.1,1781.9,153.7
"Killeen-Temple-Fort Hood, TX M.S.A.",4.4,42.0,98.4,271.4,997.8,2141.1,113.8
"Kingsport-Bristol-Bristol, TN-VA M.S.A.",4.6,34.9,37.6,278.3,791.6,2283.2,138.8
"Kingston, NY M.S.A.",1.1,17.2,35.0,173.6,396.1,1460.2,60.1
"Knoxville, TN M.S.A.",5.0,28.7,126.4,306.0,987.3,2554.1,232.9
"Kokomo, IN M.S.A.",3.0,28.3,68.8,107.2,751.5,2291.9,65.7
"La Crosse, WI-MN M.S.A.3",2.2,,28.4,113.0,434.2,1772.6,86.8
"Lafayette, IN M.S.A.",1.0,26.1,32.2,136.2,504.7,1863.1,141.8
"Lafayette, LA M.S.A.",7.5,18.0,123.3,471.2,945.4,3052.9,168.7
"Lake Charles, LA M.S.A.",8.2,56.9,110.7,476.2,1631.8,2570.9,232.2
"Lakeland-Winter Haven, FL M.S.A.",5.1,21.7,89.3,289.7,974.8,2386.9,167.8
"Lancaster, PA M.S.A.",1.8,23.3,65.0,95.9,336.5,1485.1,62.3
"Lansing-East Lansing, MI M.S.A.",2.7,48.0,80.2,285.3,644.6,1796.4,106.2
"Laredo, TX M.S.A.",4.5,33.3,85.8,394.0,795.8,3676.3,384.7
"Las Cruces, NM M.S.A.",4.2,30.1,35.7,280.0,832.2,2019.5,166.8
"Las Vegas-Paradise, NV M.S.A.",6.7,39.8,240.6,476.3,900.3,1580.0,441.6
"Lawrence, KS M.S.A.",0.0,38.7,52.1,295.9,553.9,3141.2,147.9
"Lawton, OK M.S.A.",4.4,56.9,99.7,610.7,1648.4,3093.0,223.1
"Lebanon, PA M.S.A.",3.8,18.2,33.3,133.9,350.2,1248.7,56.0
"Lewiston, ID-WA M.S.A.",1.6,49.4,6.6,110.4,644.3,2554.0,133.5
"Lewiston-Auburn, ME M.S.A.",2.8,37.3,59.7,59.7,452.1,1896.9,55.0
"Lexington-Fayette, KY M.S.A.",4.6,25.6,145.2,258.8,814.0,2533.0,171.6
"Lima, OH M.S.A.",3.9,54.0,109.0,242.1,1131.3,2535.5,149.5
"Lincoln, NE M.S.A.",0.7,48.9,60.1,317.1,522.7,2968.6,121.5
"Little Rock-North Little Rock-Conway, AR M.S.A.",6.3,47.4,177.8,524.3,1410.5,3206.4,317.5
"Logan, UT-ID M.S.A.",0.0,23.6,3.9,36.2,170.6,917.3,34.6
"Longview, TX M.S.A.",9.6,45.8,81.4,336.3,861.0,2599.4,321.4
"Longview, WA M.S.A.",1.9,95.5,46.8,168.6,774.0,2448.7,266.1
"Los Angeles-Long Beach-Santa Ana, CA M.S.A.",5.3,19.5,189.5,228.2,465.5,1428.3,383.2
"Los Angeles-Long Beach-Glendale, CA M.D.",6.3,21.0,221.8,259.9,498.3,1424.1,439.9
"Santa Ana-Anaheim-Irvine, CA M.D.",2.2,14.8,84.6,125.5,359.0,1441.9,199.4
"Louisville/Jefferson County, KY-IN M.S.A.",4.9,27.0,153.9,209.4,898.3,2394.0,227.1
"Lubbock, TX M.S.A.",3.6,47.7,121.7,635.3,1229.4,3494.7,212.9
"Lynchburg, VA M.S.A.",6.4,22.0,39.5,219.3,354.7,1561.6,89.1
"Macon, GA M.S.A.",12.0,25.3,155.6,291.6,1498.1,3352.3,483.7
"Madera-Chowchilla, CA M.S.A.",6.6,32.4,85.3,308.0,791.9,1010.7,390.0
"Madison, WI M.S.A.2",0.9,24.1,73.3,140.3,465.6,2054.0,102.4
"Manchester-Nashua, NH M.S.A.",0.7,33.2,56.3,128.2,463.8,1659.4,87.6
"Manhattan, KS M.S.A.",4.8,38.3,35.1,251.0,450.3,1582.0,41.4
"Mankato-North Mankato, MN M.S.A.3",3.2,,19.1,102.1,418.0,1990.1,76.6
"Mansfield, OH M.S.A.",3.2,38.0,76.8,59.8,1212.0,2833.7,101.8
"McAllen-Edinburg-Mission, TX M.S.A.",4.6,29.0,72.0,215.4,1015.7,3445.7,336.1
"Medford, OR M.S.A.2",1.5,37.2,31.3,194.7,408.7,2311.6,147.0
"Memphis, TN-MS-AR M.S.A.",8.6,46.1,278.1,673.6,1427.8,2808.2,388.8
"Merced, CA M.S.A.",10.5,28.9,108.2,434.6,943.6,1987.8,383.2
"Miami-Fort Lauderdale-Pompano Beach, FL M.S.A.",6.6,23.6,198.5,380.4,929.0,2896.6,329.4
"Fort Lauderdale-Pompano Beach-Deerfield Beach, FL M.D.",3.5,24.7,176.3,278.7,975.5,2599.4,265.1
"Miami-Miami Beach-Kendall, FL M.D.",8.9,21.3,236.1,467.0,915.7,3330.6,432.1
"West Palm Beach-Boca Raton-Boynton Beach, FL M.D.",6.4,26.7,155.9,351.2,891.2,2459.0,217.3
"Michigan City-La Porte, IN M.S.A.",4.5,33.2,83.4,91.4,861.5,2742.2,208.0
"Midland, TX M.S.A.2",2.2,33.7,52.4,246.8,821.2,2203.4,136.1
"Milwaukee-Waukesha-West Allis, WI M.S.A.",6.4,17.9,208.3,231.5,560.1,2477.4,322.8
"Minneapolis-St. Paul-Bloomington, MN-WI M.S.A.3",2.4,,92.3,152.8,501.6,2189.2,203.5
"Mobile, AL M.S.A.2,6",7.4,25.4,176.4,324.8,1265.5,3027.7,332.5
"Modesto, CA M.S.A.",5.6,26.1,148.5,337.1,1045.5,2281.2,696.3
"Monroe, LA M.S.A.",9.1,23.4,67.4,329.4,1595.4,3165.8,141.6
"Monroe, MI M.S.A.",1.3,56.6,57.9,162.5,642.1,1706.6,190.8
"Montgomery, AL M.S.A.",7.0,25.0,126.9,182.3,1112.4,2762.4,268.1
"Morristown, TN M.S.A.",4.3,23.8,68.5,287.5,858.2,2669.8,169.3
"Mount Vernon-Anacortes, WA M.S.A.",0.0,41.4,44.7,122.4,946.3,3809.2,177.8
"Muncie, IN M.S.A.",0.0,27.8,94.6,129.3,554.4,1852.4,212.6
"Muskegon-Norton Shores, MI M.S.A.",2.3,70.0,104.2,294.1,991.1,3026.4,146.5
"Myrtle Beach-North Myrtle Beach-Conway, SC M.S.A.",5.9,42.7,153.4,443.3,1330.8,3795.5,505.9
"Napa, CA M.S.A.",1.5,21.4,52.4,404.9,472.7,1449.9,160.0
"Naples-Marco Island, FL M.S.A.",3.4,16.6,62.7,231.0,368.3,1334.3,60.2
"Nashville-Davidson—Murfreesboro—Franklin, TN M.S.A.",6.2,41.0,138.9,457.0,846.7,2352.8,189.5
"New Haven-Milford, CT M.S.A.",5.0,15.4,154.6,245.7,526.6,2300.2,289.0
"New Orleans-Metairie-Kenner, LA M.S.A.1",20.8,25.6,134.8,285.3,753.7,2053.4,
"New York-Northern New Jersey-Long Island, NY-NJ-PA M.S.A.",4.7,10.1,164.2,212.9,279.3,1300.6,139.1
"Edison-New Brunswick, NJ M.D.",1.7,8.0,59.8,86.5,348.6,1419.9,76.6
"Nassau-Suffolk, NY M.D.",2.8,5.1,67.7,88.1,262.2,1323.7,96.1
"Newark-Union, NJ-PA M.D.",6.9,13.7,193.8,175.1,429.7,1179.5,349.7
"New York-White Plains-Wayne, NY-NJ M.D.",5.4,11.1,203.5,276.0,241.9,1293.0,123.7
"North Port-Bradenton-Sarasota, FL M.S.A.",3.6,25.4,123.8,358.8,1007.0,2550.6,136.8
"Norwich-New London, CT M.S.A.",3.5,36.0,86.8,268.2,527.2,1775.1,104.5
"Ocala, FL M.S.A.",2.7,42.9,71.4,416.9,705.6,1669.9,93.4
"Ocean City, NJ M.S.A. ",2.1,17.7,63.5,170.7,1147.8,3505.9,80.1
"Odessa, TX M.S.A.",5.2,25.8,81.1,546.2,875.6,2493.5,185.0
"Ogden-Clearfield, UT M.S.A.",1.5,31.3,35.6,81.1,513.4,2346.2,145.5
"Oklahoma City, OK M.S.A.5",5.7,43.8,107.6,,1190.9,2643.5,374.2
"Olympia, WA M.S.A.",1.6,33.7,33.7,178.5,804.6,2217.7,167.9
"Omaha-Council Bluffs, NE-IA M.S.A.",4.5,38.8,97.0,246.3,583.0,2149.9,354.2
"Orlando-Kissimmee-Sanford, FL M.S.A.",4.8,33.0,144.1,431.8,1003.8,2348.0,242.7
"Owensboro, KY M.S.A.",1.8,38.6,25.5,50.0,458.3,1837.4,101.0
"Oxnard-Thousand Oaks-Ventura, CA M.S.A.",2.2,13.0,77.8,123.5,377.5,1468.4,139.5
"Palm Bay-Melbourne-Titusville, FL M.S.A.",3.7,31.7,97.9,456.0,788.2,2248.0,128.2
"Palm Coast, FL M.S.A.",0.0,16.5,37.0,182.1,571.0,1635.8,107.0
"Panama City-Lynn Haven-Panama City Beach, FL M.S.A.",7.2,36.7,95.0,381.7,989.3,3345.5,205.6
"Pascagoula, MS M.S.A.",3.8,58.2,71.1,138.3,1208.5,1956.8,198.4
"Pensacola-Ferry Pass-Brent, FL M.S.A.",7.6,55.1,130.8,376.4,826.7,2320.2,148.9
"Peoria, IL M.S.A.2",7.5,37.0,99.5,262.6,666.2,1819.4,133.0
"Philadelphia-Camden-Wilmington, PA-NJ-DE-MD M.S.A.",7.8,28.5,222.5,293.0,513.0,1942.4,207.3
"Camden, NJ M.D.",4.1,17.6,125.1,185.9,549.6,1836.4,130.8
"Philadelphia, PA M.D.",9.1,32.3,251.2,313.3,451.5,1913.3,226.5
"Wilmington, DE-MD-NJ M.D.",6.8,26.2,233.2,368.6,798.8,2298.1,234.5
"Phoenix-Mesa-Glendale, AZ M.S.A.",5.5,25.9,124.1,215.3,795.6,2402.3,336.8
"Pine Bluff, AR M.S.A.",9.0,55.9,172.8,555.3,1743.9,2500.0,367.6
"Pittsburgh, PA M.S.A.",4.7,16.9,96.5,201.4,431.1,1457.1,87.4
"Pittsfield, MA M.S.A.",0.8,37.7,28.3,387.0,742.6,1663.4,96.6
"Pocatello, ID M.S.A.",1.1,36.4,15.4,164.4,421.4,2243.9,105.9
"Portland-South Portland-Biddeford, ME M.S.A.",1.9,28.7,44.3,58.6,520.7,1873.9,78.4
"Port St. Lucie, FL M.S.A.",4.8,27.9,83.2,254.8,712.5,1806.6,90.4
"Poughkeepsie-Newburgh-Middletown, NY M.S.A.",4.6,14.2,85.3,159.8,346.4,1667.8,59.3
"Prescott, AZ M.S.A.",3.3,23.4,11.0,289.4,508.6,1560.1,102.4
"Providence-New Bedford-Fall River, RI-MA M.S.A.",2.6,30.2,91.8,246.8,625.7,1692.8,213.4
"Provo-Orem, UT M.S.A.",1.1,22.1,14.1,44.1,312.9,1714.5,72.6
"Pueblo, CO M.S.A.2",2.6,19.2,104.8,458.7,1256.7,2664.2,332.9
"Punta Gorda, FL M.S.A.",0.6,14.5,29.7,195.7,728.0,1852.5,70.7
"Racine, WI M.S.A.",4.0,15.9,109.5,123.8,620.6,1936.2,123.3
"Raleigh-Cary, NC M.S.A.",3.4,16.1,75.3,147.8,628.1,1630.8,183.7
"Rapid City, SD M.S.A.",3.2,93.4,49.5,265.9,541.3,2183.7,123.0
"Reading, PA M.S.A.",3.2,15.5,107.6,203.4,524.8,1429.3,222.5
"Redding, CA M.S.A.",1.6,65.7,75.5,654.3,825.0,1558.7,232.5
"Reno-Sparks, NV M.S.A.",4.2,25.2,117.4,276.5,657.1,1860.8,258.1
"Richmond, VA M.S.A.",7.2,15.8,111.8,134.5,495.8,1877.1,170.1
"Riverside-San Bernardino-Ontario, CA M.S.A.",4.5,20.4,115.7,228.0,746.5,1550.6,397.5
"Roanoke, VA M.S.A.",6.3,22.8,68.0,205.8,494.2,2042.0,125.9
"Rochester, MN M.S.A.3",0.5,,34.6,102.7,303.8,1424.0,84.1
"Rochester, NY M.S.A.",4.9,22.1,99.2,190.9,627.5,2085.1,114.0
"Rockford, IL M.S.A.2",6.5,53.2,159.8,540.9,959.5,2254.0,175.4
"Rocky Mount, NC M.S.A.",10.2,23.8,171.3,407.3,1187.8,2253.9,191.7
"Rome, GA M.S.A.",3.2,23.5,106.8,348.1,896.0,2512.8,208.2
"Sacramento—Arden-Arcade—Roseville, CA M.S.A.",4.2,26.1,160.4,287.5,769.3,1888.1,449.2
"Saginaw-Saginaw Township North, MI M.S.A.",3.5,76.0,129.2,661.9,1095.2,1604.1,128.2
"Salem, OR M.S.A.2",1.3,25.4,45.0,169.1,445.6,2113.0,190.2
"Salinas, CA M.S.A.",10.7,20.0,139.7,325.5,723.8,1473.8,335.5
"Salisbury, MD M.S.A.",9.0,28.7,163.9,468.1,1055.0,2451.8,129.5
"Salt Lake City, UT M.S.A.",2.9,46.2,85.9,220.5,752.1,3317.9,387.5
"San Angelo, TX M.S.A.",1.8,52.6,49.0,171.5,1020.8,2964.4,150.6
"San Antonio-New Braunfels, TX M.S.A.",4.7,32.6,127.2,319.5,1071.3,3846.2,315.6
"San Diego-Carlsbad-San Marcos, CA M.S.A.",2.2,22.0,108.9,245.4,457.6,1340.5,408.3
"Sandusky, OH M.S.A.",0.0,17.0,35.3,245.7,632.6,2146.0,13.1
"San Francisco-Oakland-Fremont, CA M.S.A.",6.2,23.7,240.1,259.0,655.6,1938.0,514.3
"Oakland-Fremont-Hayward, CA M.D.",7.7,28.0,253.0,292.8,766.2,1792.5,625.3
"San Francisco-San Mateo-Redwood City, CA M.D.",4.0,17.5,221.9,211.0,498.3,2144.8,356.4
"San Jose-Sunnyvale-Santa Clara, CA M.S.A.",1.4,21.7,80.1,161.3,420.9,1442.7,392.7
"San Luis Obispo-Paso Robles, CA M.S.A.",2.2,30.5,34.6,199.5,570.5,1610.9,118.3
"Santa Barbara-Santa Maria-Goleta, CA M.S.A.",2.7,32.2,76.8,340.2,484.7,1504.7,146.5
"Santa Cruz-Watsonville, CA M.S.A.",5.5,26.6,105.1,375.7,678.4,2294.1,256.2
"Santa Fe, NM M.S.A.",6.6,30.4,62.0,258.0,2179.0,1580.5,163.0
"Santa Rosa-Petaluma, CA M.S.A.",1.3,26.6,59.0,309.8,402.2,1326.5,138.1
"Savannah, GA M.S.A.",6.5,20.5,154.8,160.7,998.6,2456.3,245.2
"Scranton—Wilkes-Barre, PA M.S.A.",2.2,21.8,61.7,153.3,462.5,1675.7,100.1
"Seattle-Tacoma-Bellevue, WA M.S.A.",2.3,33.5,119.3,197.9,827.0,2610.5,468.2
"Seattle-Bellevue-Everett, WA M.D.",2.0,31.1,114.6,169.0,773.8,2655.3,452.6
"Tacoma, WA M.D.",3.4,41.4,134.8,292.6,1001.2,2464.1,519.3
"Sebastian-Vero Beach, FL M.S.A.",0.0,19.6,65.5,240.8,868.0,2108.5,114.2
"Sherman-Denison, TX M.S.A.",9.1,17.4,48.1,205.7,708.2,2161.1,116.1
"Shreveport-Bossier City, LA M.S.A.",8.4,43.1,113.5,462.4,950.8,2554.6,207.8
"Sioux City, IA-NE-SD M.S.A.",0.0,18.5,24.0,196.3,513.3,1985.4,127.6
"Sioux Falls, SD M.S.A.",1.2,43.3,23.9,163.3,533.5,1717.7,114.2
"South Bend-Mishawaka, IN-MI M.S.A.",2.5,34.0,134.2,177.9,1161.2,2544.1,187.0
"Spartanburg, SC M.S.A.",5.2,28.9,87.8,371.0,879.1,2386.3,250.9
"Spokane, WA M.S.A.",2.5,31.1,111.3,201.1,1063.3,3379.5,596.4
"Springfield, IL M.S.A.2",4.4,70.2,181.5,599.5,1343.7,3098.3,152.4
"Springfield, MA M.S.A.",3.7,43.0,126.6,405.5,885.7,1924.0,249.8
"Springfield, MO M.S.A.",3.0,34.0,81.0,331.0,837.9,3641.9,293.5
"Springfield, OH M.S.A.",2.9,28.8,158.5,170.0,1272.0,2594.4,219.0
"State College, PA M.S.A.",0.0,16.2,23.0,67.6,243.2,1383.6,31.8
"St. Cloud, MN M.S.A.3",1.6,,25.1,98.7,292.0,1842.5,73.1
"Steubenville-Weirton, OH-WV M.S.A.",5.0,14.1,43.1,100.3,439.3,1394.2,84.5
"St. George, UT M.S.A.",0.0,16.5,10.1,82.0,396.2,1399.4,95.6
"St. Joseph, MO-KS M.S.A.",5.5,22.2,59.4,210.8,900.3,2411.7,183.9
"St. Louis, MO-IL M.S.A.2",7.8,26.0,126.9,336.7,694.8,2172.5,292.2
"Stockton, CA M.S.A.",9.2,23.8,269.5,502.7,1117.4,2522.0,484.9
"Sumter, SC M.S.A.",5.7,32.5,169.3,501.1,1310.1,3146.2,282.1
"Syracuse, NY M.S.A.",3.4,22.7,79.9,186.7,632.5,1781.5,104.9
"Tallahassee, FL M.S.A.",5.2,50.3,162.4,557.0,1181.0,2291.2,152.2
"Tampa-St. Petersburg-Clearwater, FL M.S.A.",4.3,26.6,125.9,343.3,847.8,2337.1,202.3
"Texarkana, TX-Texarkana, AR M.S.A.",2.9,42.7,117.4,576.0,1157.8,2746.0,247.8
"Toledo, OH M.S.A.4",4.0,28.3,179.3,271.5,1347.0,,222.7
"Topeka, KS M.S.A.",6.0,28.3,99.5,257.9,939.2,3026.4,277.2
"Trenton-Ewing, NJ M.S.A.",5.4,6.5,184.8,250.5,505.6,1419.6,155.4
"Tucson, AZ M.S.A.4",8.0,23.4,134.6,259.6,787.6,,465.3
"Tulsa, OK M.S.A.",6.4,42.3,158.0,391.5,1054.3,2059.2,335.8
"Tuscaloosa, AL M.S.A.",5.1,30.3,124.4,272.1,1234.9,2589.5,192.9
"Tyler, TX M.S.A.",6.3,54.5,62.3,293.5,850.5,2659.6,194.0
"Utica-Rome, NY M.S.A.",2.4,20.7,63.2,174.2,512.1,1808.3,66.0
"Valdosta, GA M.S.A.",3.8,25.6,78.9,251.0,1107.2,2316.6,194.7
"Vallejo-Fairfield, CA M.S.A.2",8.1,35.1,197.6,232.1,952.1,1591.9,525.6
"Victoria, TX M.S.A.",6.9,54.6,74.5,430.6,960.0,2758.8,134.3
"Vineland-Millville-Bridgeton, NJ M.S.A.",6.3,9.4,175.1,303.9,894.1,2283.4,119.4
"Virginia Beach-Norfolk-Newport News, VA-NC M.S.A.",6.6,20.4,133.1,176.8,606.1,2679.1,197.4
"Visalia-Porterville, CA M.S.A.",8.0,22.9,101.8,343.2,902.4,2213.4,498.7
"Waco, TX M.S.A.",3.8,50.7,102.7,385.7,1079.5,2861.7,155.6
"Warner Robins, GA M.S.A.",6.0,22.4,88.9,236.7,862.5,2709.3,188.9
"Washington-Arlington-Alexandria, DC-VA-MD-WV M.S.A.",5.3,17.8,179.6,177.3,394.0,1857.7,298.9
"Bethesda-Rockville-Frederick, MD M.D.",1.9,12.7,96.6,96.6,329.2,1541.9,141.5
"Washington-Arlington-Alexandria, DC-VA-MD-WV M.D.",6.2,19.2,202.9,199.8,412.2,1946.2,343.1
"Waterloo-Cedar Falls, IA M.S.A.",2.4,37.2,44.4,293.5,662.0,1556.2,97.8
"Wausau, WI M.S.A.",0.0,20.4,15.1,93.8,382.6,1362.5,46.1
"Wenatchee-East Wenatchee, WA M.S.A.",0.9,43.4,22.6,100.3,469.7,2085.6,141.8
"Wichita, KS M.S.A.",2.9,53.0,82.2,443.4,867.0,2641.3,291.0
"Wichita Falls, TX M.S.A.",4.8,32.1,95.5,228.6,1085.7,2896.1,207.4
"Williamsport, PA M.S.A.",1.7,23.9,57.2,85.4,394.5,1533.6,60.6
"Wilmington, NC M.S.A.",3.0,28.0,103.1,229.7,1127.0,2392.7,224.0
"Winchester, VA-WV M.S.A.",1.6,45.7,34.6,84.2,492.0,1712.1,105.5
"Winston-Salem, NC M.S.A.",3.5,30.5,103.1,320.0,1330.3,2661.1,195.2
"Worcester, MA M.S.A.",1.7,24.5,73.1,371.5,594.3,1411.4,145.8
"Yakima, WA M.S.A.",10.0,43.8,97.1,193.3,1398.8,2734.6,507.9
"York-Hanover, PA M.S.A.",2.5,22.9,89.0,94.0,326.8,1664.4,101.6
"Youngstown-Warren-Boardman, OH-PA M.S.A.",5.9,24.5,99.3,172.4,1124.1,2011.0,207.6
"Yuba City, CA M.S.A.",4.2,32.1,64.2,261.5,675.1,1511.3,294.2
"Yuma, AZ M.S.A.",4.7,19.4,40.9,307.0,758.6,1698.4,177.6
